experiment,backend,tp,batch,total_nvlink_gb,peak_nvlink_gb_s,avg_nvlink_gb_s,burst_intensity,burst_duration_s,bw_usage_pct,prefill_avg_bw_gb_s,decode_avg_bw_gb_s,nccl_contribution_pct,mean_ttft_ms,p99_ttft_ms,mean_tpot_ms,p99_tpot_ms,throughput_tok_s,throughput_req_s,total_input_tokens,total_output_tokens
qwen3-32b-tp_2-batch_1-sglang-group_11,sglang,2,1,9.422640128,20.9533952,0.08164186888710995,256.6501169758037,0,0.013606978147851658,0.026130432,0.0821270480217545,0.19564594483954026,,,,,,,,
qwen3-32b-tp_2-batch_4-sglang-group_11,sglang,2,4,39.837605888,16.7627776,0.1871958065093087,89.54675808491702,0,0.031199301084884785,0.0,0.18807958727986443,0.20790849274691112,,,,,,,,
qwen3-32b-tp_4-batch_1-sglang-group_11,sglang,4,1,22.389421056,72.3883008,0.19205022455103174,376.9238019337224,0.01,0.032008370758505295,0.0,0.1937118307398983,0.5233548516173939,,,,,,,,
qwen3-32b-tp_4-batch_4-burst-sglang-group_11,sglang,4,4,122.318454784,37.7348096,0.519802859912252,72.59446322855942,0,0.08663380998537532,0.072020992,0.5217138687114521,0.3954282071489523,,,,,,,,
qwen3-32b-tp_4-batch_4-sglang-group_11,sglang,4,4,122.366205952,34.5905152,0.514695943658004,67.20572723802947,0,0.085782657276334,0.0,0.5168699989027841,0.4050153835784174,59150.320660664875,117532.73951761337,56.92601360598109,57.316999150004996,69.93944710105863,0.06830024130962757,12288,12288
